<?xml version="1.0" encoding="utf-8" ?>
<Project name="ExAd">
	<Package name="HaloParachute">
		<Container name="Actions">
			<Key ID="STR_ExAd_HALOPARACHUTE_ACTIONS_HALO">
				<Original>Halo Jump</Original>
			</Key>
			<Key ID="STR_ExAd_HALOPARACHUTE_ACTIONS_PARACHUTE">
				<Original>Open Parachute</Original>
			</Key>
			<Key ID="STR_ExAd_HALOPARACHUTE_ACTIONS_DETACH">
				<Original>Open Parachute</Original>
			</Key>
		</Container>
		<Container name="Info">
			<Key ID="STR_ExAd_HALOPARACHUTE_INFO_DETACH">
				<Original>You can eject from parachute with: Alt Shift x</Original>
			</Key>
		</Container>
	</Package>
	<Package name="VirtualGarage">
		<Container name="Notifications">
			<Key ID="STR_ExAd_VG_NOTI_FULL">
				<Original>You garage is full!</Original>
			</Key>
			<Key ID="STR_ExAd_VG_NOTI_NOT_PERSISTENT">
				<Original>You can only store pincode protected vehicles into the garage!</Original>
			</Key>
			<Key ID="STR_ExAd_VG_NOTI_NOT_AVAILABLE">
				<Original>The vehicle is not available anymore!</Original>
			</Key>
		</Container>		
		<Container name="APP">
			<Key ID="STR_ExAd_VG_APP_DETAILS">
				<Original>%2 %1Pin code: %3 %1Fuel: %4 %1Damage: %5 %1Texture: %6 %1Items: %7 %1Magazines: %8 %1Weapons: %9</Original> <!-- %1 - New line | %2 - Vehicle class display name | %3 - Pin Code | %4 - Fuel | %5 - Damage | %6 - Texture | %7 - Items | %8 - Magazines | %9 - Weapons -->
			</Key>
			<Key ID="STR_ExAd_VG_APP_BTN_BACK">
				<Original>GO BACK</Original>
			</Key>
			<Key ID="STR_ExAd_VG_APP_BTN_FETCH">
				<Original>Fetch</Original>
			</Key>
			<Key ID="STR_ExAd_VG_APP_BTN_STORE">
				<Original>Store</Original>
			</Key>
			<Key ID="STR_ExAd_VG_APP_TTL_DETAILS">
				<Original>Stored Vehicle Details</Original>
			</Key>
			<Key ID="STR_ExAd_VG_APP_TTL_STORED">
				<Original>Stored</Original>
			</Key>
			<Key ID="STR_ExAd_VG_APP_TTL_NEAR">
				<Original>In Radius</Original>
			</Key>
			<Key ID="STR_ExAd_VG_APP_CB_SECRET">
				<Original>Stream friendly UI</Original>
			</Key>
		</Container>
	</Package>
	<Package name="Grinding">
		<Container name="Notifications">
			<Key ID="STR_ExAd_GRINDING_NOTI_BROKE">
				<Original>Your grinder broke, get a new one before you can continue.</Original>
			</Key>
			<Key ID="STR_ExAd_GRINDING_NOTI_EMPTY_BAT">
				<Original>Find some batteries to get the grinder to work.</Original>
			</Key>
			<Key ID="STR_ExAd_GRINDING_NOTI_PROGRESS">
				<Original>I think I'm getting through.</Original>
			</Key>
			<Key ID="STR_ExAd_GRINDING_NOTI_FINISHED">
				<Original>You have broken the code lock.</Original>
			</Key>
			<Key ID="STR_ExAd_GRINDING_NOTI_RESTORED">
				<Original>You've changed the lock</Original>
			</Key>
		</Container>
	<Package name="Hacking">
		<Container name="Notifications">
			<Key ID="STR_ExAd_HACKING_NOTI_MAX_TERRITORY_HACKS_REACHED">
				<Original>Connection failed! Territory Wi-Fi is down!</Original>
			</Key>
			<Key ID="STR_ExAd_HACKING_NOTI_TERRITORY_ONE_HACK">
				<Original>Wi-Fi occupied!!</Original>
			</Key>
			<Key ID="STR_ExAd_HACKING_NOTI_MAX_SIM_HACKS">
				<Original>The laptop overloaded and got destroyed! Another hacker is already using the grid.</Original>
			</Key>
			<Key ID="STR_ExAd_HACKING_NOTI_NO_PLAYER_PRESENT">
				<Original>No Wi-Fi available!</Original>
			</Key>
			<Key ID="STR_ExAd_HACKING_NOTI_VG_SUCCESS">
				<Original>Hack successful! The Virtual Garage unloaded a %1</Original> <!-- %1 indicates the vehicle class name that's going to be shown-->
			</Key>
			<Key ID="STR_ExAd_HACKING_NOTI_VG_NO_VEH">
				<Original>Hack successful! No vehicles were stored in the Virtual Garage.</Original>
			</Key>
			<Key ID="STR_ExAd_HACKING_NOTI_SAFE_SUCCESS">
				<Original>Hack successful! The safe is now unlocked.</Original>
			</Key>
			<Key ID="STR_ExAd_HACKING_NOTI_INTERUPTED">
				<Original>Hack has been interupted</Original>
			</Key>
			<Key ID="STR_ExAd_HACKING_NOTI_FAILED">
				<Original>Hack failed! Circuits overloaded!</Original>
			</Key>
		</Container>
		<Container name="Hint">
			<Key ID="STR_ExAd_HACKING_HINT_TITLE">
				<Original>Hack Activity</Original>
			</Key>
			<Key ID="STR_ExAd_HACKING_HINT_HACK_START">
				<Original>A brute force hack is detected on the grid!</Original>
			</Key>
		</Container>
	</Package>
	<Package name="StatsBar">
		<Container name="App">
			<Key ID="STR_ExAd_SB_APP_GO_BACK">
				<Original>Go Back</Original>
			</Key>
			<Key ID="STR_ExAd_SB_APP_CB_KD">
				<Original>Kill/Death Ratio</Original>
			</Key>
			<Key ID="STR_ExAd_SB_APP_CB_HP">
				<Original>Health</Original>
			</Key>
			<Key ID="STR_ExAd_SB_APP_CB_THIRST">
				<Original>Thirst</Original>
			</Key>
			<Key ID="STR_ExAd_SB_APP_CB_HUNGER">
				<Original>Hunger</Original>
			</Key>
			<Key ID="STR_ExAd_SB_APP_CB_WALLET">
				<Original>POP TABS in wallet</Original>
			</Key>
			<Key ID="STR_ExAd_SB_APP_CB_BANK">
				<Original>POP TABS in bank</Original>
			</Key>
			<Key ID="STR_ExAd_SB_APP_CB_RESPECT">
				<Original>Respect</Original>
			</Key>
			<Key ID="STR_ExAd_SB_APP_CB_COLORS">
				<Original>Use color indications</Original>
			</Key>
			<Key ID="STR_ExAd_SB_APP_CB_FPS">
				<Original>FPS</Original>
			</Key>
			<Key ID="STR_ExAd_SB_APP_CB_TIMER">
				<Original>Restart time</Original>
			</Key>
			<Key ID="STR_ExAd_SB_APP_CB_TEMP">
				<Original>Body Temperature</Original>
			</Key>
			<Key ID="STR_ExAd_SB_APP_CB_GRID">
				<Original>Grid location</Original>
			</Key>
			<Key ID="STR_ExAd_SB_APP_CB_COMPASS">
				<Original>Compass</Original>
			</Key>
			<Key ID="STR_ExAd_SB_APP_CB_PLAYERS">
				<Original>Players online</Original>
			</Key>
			<Key ID="STR_ExAd_SB_APP_CB_CLAN_MEMBERS">
				<Original>Family members online</Original>
			</Key>
			<Key ID="STR_ExAd_SB_APP_CB_HIDE_EXILE_SB">
				<Original>Hide Exile Status bar</Original>
			</Key>
			<Key ID="STR_ExAd_SB_APP_SLIDER_BG_COLOR">
				<Original>Background Color</Original>
			</Key>
			<Key ID="STR_ExAd_SB_APP_SLIDER_POS_SIZE">
				<Original>Position/Size</Original>
			</Key>
			<Key ID="STR_ExAd_SB_APP_COMBO_FONT">
				<Original>Font</Original>
			</Key>
			<Key ID="STR_ExAd_SB_APP_COMBO_TOOLTIP_FONT">
				<Original>Font</Original>
			</Key>
			<Key ID="STR_ExAd_SB_APP_COMBO_TOOLTIP_ALIGN">
				<Original>Align</Original>
			</Key>
			<Key ID="STR_ExAd_SB_APP_SLIDER_TEXT_COLOR">
				<Original>Text Color</Original>
			</Key>
			<Key ID="STR_ExAd_SB_APP_SLIDER_UPDATE_RATE">
				<Original>Update Rate</Original>
			</Key>
			<Key ID="STR_ExAd_SB_APP_SLIDER_TEXT_SIZE">
				<Original>Text Size</Original>
			</Key>
			<Key ID="STR_ExAd_SB_APP_SLIDER_TEXT_MARGIN">
				<Original>Margin</Original>
			</Key>
			<Key ID="STR_ExAd_SB_APP_SLIDER_TEXT_PADDING">
				<Original>Padding</Original>
			</Key>
			<Key ID="STR_ExAd_SB_APP_SLIDER_IMG_SIZE">
				<Original>Image Size</Original>
			</Key>
			<Key ID="STR_ExAd_SB_APP_BTN_SHOW">
				<Original>Show</Original>
			</Key>
			<Key ID="STR_ExAd_SB_APP_BTN_HIDE">
				<Original>Hide</Original>
			</Key>
		</Container>
	</Package>
</Project>